Date / Time,Home team,,,,Away team,Location,Status
"Thursday May 7, 2026",,,,,,,
271 - 9:00 PM,Puckin Around,,,,Minnesota Wild,EHLPKA,Incomplete
272 - 9:00 PM,Cape Cod Rangers,,,,Pouch munchers,EHLCCR ,Incomplete
273 - 9:00 PM,Pioneers,,,,MN BLUES,EHLPIO,Incomplete
274 - 9:00 PM,Sabres On Ice,,,,Royal deltz,EHLSOI,Incomplete
275 - 9:00 PM,Cooper Gang HC,,,,Reverse HC,EHLCGH,Incomplete
276 - 9:00 PM,Canadian Frostbytes,,,,Tombstone,EHLEFB,Incomplete
277 - 9:00 PM,Greensboro Hurricanes,,,,High Quality Plague,EHLBIS,Incomplete
278 - 9:00 PM,Montrescotia Buffaloes,,,,Stratton Oakmont,EHLMSB ,Incomplete
279 - 9:00 PM,Blood Sweat & Beers,,,,Hope Skate Park,EHLBSB,Incomplete
280 - 9:00 PM,Steel City Legion,,,,Kitty Slayers,EHLSCL,Incomplete
281 - 9:35 PM,Minnesota Wild,,,,Cape Cod Rangers,EHLMIN,Incomplete
282 - 9:35 PM,Pioneers,,,,Puckin Around,EHLPIO,Incomplete
283 - 9:35 PM,Sabres On Ice,,,,Pouch munchers,EHLSOI,Incomplete
284 - 9:35 PM,MN BLUES,,,,Cooper Gang HC,EHLMNB,Incomplete
285 - 9:35 PM,Royal deltz,,,,Canadian Frostbytes,EHLRYD,Incomplete
286 - 9:35 PM,Reverse HC,,,,Greensboro Hurricanes,EHLRHC,Incomplete
287 - 9:35 PM,Tombstone,,,,Montrescotia Buffaloes,EHLTBS,Incomplete
288 - 9:35 PM,Blood Sweat & Beers,,,,High Quality Plague,EHLBSB,Incomplete
289 - 9:35 PM,Steel City Legion,,,,Stratton Oakmont,EHLSCL,Incomplete
290 - 9:35 PM,Kitty Slayers,,,,Hope Skate Park,EHLKIT,Incomplete
291 - 10:10 PM,Pioneers,,,,Minnesota Wild,EHLPIO,Incomplete
292 - 10:10 PM,Sabres On Ice,,,,Cape Cod Rangers,EHLSOI,Incomplete
293 - 10:10 PM,Cooper Gang HC,,,,Puckin Around,EHLCGH,Incomplete
294 - 10:10 PM,Canadian Frostbytes,,,,Pouch munchers,EHLEFB,Incomplete
295 - 10:10 PM,Greensboro Hurricanes,,,,MN BLUES,EHLBIS,Incomplete
296 - 10:10 PM,Montrescotia Buffaloes,,,,Royal deltz,EHLMSB ,Incomplete
297 - 10:10 PM,Blood Sweat & Beers,,,,Reverse HC,EHLBSB,Incomplete
298 - 10:10 PM,Steel City Legion,,,,Tombstone,EHLSCL,Incomplete
299 - 10:10 PM,Kitty Slayers,,,,High Quality Plague,EHLKIT,Incomplete
300 - 10:10 PM,Hope Skate Park,,,,Stratton Oakmont,EHLHSP,Incomplete
"Monday May 11, 2026",,,,,,,
301 - 9:00 PM,Minnesota Wild,,,,Sabres On Ice,EHLMIN,Incomplete
302 - 9:00 PM,Cooper Gang HC,,,,Pioneers,EHLCGH,Incomplete
303 - 9:00 PM,Canadian Frostbytes,,,,Cape Cod Rangers,EHLEFB,Incomplete
304 - 9:00 PM,Greensboro Hurricanes,,,,Puckin Around,EHLBIS,Incomplete
305 - 9:00 PM,Pouch munchers,,,,Montrescotia Buffaloes,EHLMUN,Incomplete
306 - 9:00 PM,MN BLUES,,,,Blood Sweat & Beers,EHLMNB,Incomplete
307 - 9:00 PM,Royal deltz,,,,Steel City Legion,EHLRYD,Incomplete
308 - 9:00 PM,Kitty Slayers,,,,Reverse HC,EHLKIT,Incomplete
309 - 9:00 PM,Hope Skate Park,,,,Tombstone,EHLHSP,Incomplete
310 - 9:00 PM,Stratton Oakmont,,,,High Quality Plague,EHLSTO,Incomplete
311 - 9:35 PM,Cooper Gang HC,,,,Minnesota Wild,EHLCGH,Incomplete
312 - 9:35 PM,Canadian Frostbytes,,,,Sabres On Ice,EHLEFB,Incomplete
313 - 9:35 PM,Greensboro Hurricanes,,,,Pioneers,EHLBIS,Incomplete
314 - 9:35 PM,Montrescotia Buffaloes,,,,Cape Cod Rangers,EHLMSB ,Incomplete
315 - 9:35 PM,Blood Sweat & Beers,,,,Puckin Around,EHLBSB,Incomplete
316 - 9:35 PM,Steel City Legion,,,,Pouch munchers,EHLSCL,Incomplete
317 - 9:35 PM,Kitty Slayers,,,,MN BLUES,EHLKIT,Incomplete
318 - 9:35 PM,Hope Skate Park,,,,Royal deltz,EHLHSP,Incomplete
319 - 9:35 PM,Stratton Oakmont,,,,Reverse HC,EHLSTO,Incomplete
320 - 9:35 PM,High Quality Plague,,,,Tombstone,EHLWSS,Incomplete
321 - 10:10 PM,Minnesota Wild,,,,Canadian Frostbytes,EHLMIN,Incomplete
322 - 10:10 PM,Greensboro Hurricanes,,,,Cooper Gang HC,EHLBIS,Incomplete
323 - 10:10 PM,Montrescotia Buffaloes,,,,Sabres On Ice,EHLMSB ,Incomplete
324 - 10:10 PM,Blood Sweat & Beers,,,,Pioneers,EHLBSB,Incomplete
325 - 10:10 PM,Cape Cod Rangers,,,,Steel City Legion,EHLCCR ,Incomplete
326 - 10:10 PM,Puckin Around,,,,Kitty Slayers,EHLPKA,Incomplete
327 - 10:10 PM,Hope Skate Park,,,,Pouch munchers,EHLHSP,Incomplete
328 - 10:10 PM,Stratton Oakmont,,,,MN BLUES,EHLSTO,Incomplete
329 - 10:10 PM,High Quality Plague,,,,Royal deltz,EHLWSS,Incomplete
330 - 10:10 PM,Tombstone,,,,Reverse HC,EHLTBS,Incomplete
"Thursday May 14, 2026",,,,,,,
331 - 9:00 PM,Minnesota Wild,,,,Greensboro Hurricanes,EHLMIN,Incomplete
332 - 9:00 PM,Montrescotia Buffaloes,,,,Canadian Frostbytes,EHLMSB ,Incomplete
333 - 9:00 PM,Blood Sweat & Beers,,,,Cooper Gang HC,EHLBSB,Incomplete
334 - 9:00 PM,Steel City Legion,,,,Sabres On Ice,EHLSCL,Incomplete
335 - 9:00 PM,Kitty Slayers,,,,Pioneers,EHLKIT,Incomplete
336 - 9:00 PM,Hope Skate Park,,,,Cape Cod Rangers,EHLHSP,Incomplete
337 - 9:00 PM,Stratton Oakmont,,,,Puckin Around,EHLSTO,Incomplete
338 - 9:00 PM,High Quality Plague,,,,Pouch munchers,EHLWSS,Incomplete
339 - 9:00 PM,Tombstone,,,,MN BLUES,EHLTBS,Incomplete
340 - 9:00 PM,Reverse HC,,,,Royal deltz,EHLRHC,Incomplete
341 - 9:35 PM,Montrescotia Buffaloes,,,,Minnesota Wild,EHLMSB ,Incomplete
342 - 9:35 PM,Blood Sweat & Beers,,,,Greensboro Hurricanes,EHLBSB,Incomplete
343 - 9:35 PM,Steel City Legion,,,,Canadian Frostbytes,EHLSCL,Incomplete
344 - 9:35 PM,Kitty Slayers,,,,Cooper Gang HC,EHLKIT,Incomplete
345 - 9:35 PM,Sabres On Ice,,,,Hope Skate Park,EHLSOI,Incomplete
346 - 9:35 PM,Pioneers,,,,Stratton Oakmont,EHLPIO,Incomplete
347 - 9:35 PM,High Quality Plague,,,,Cape Cod Rangers,EHLWSS,Incomplete
348 - 9:35 PM,Tombstone,,,,Puckin Around,EHLTBS,Incomplete
349 - 9:35 PM,Reverse HC,,,,Pouch munchers,EHLRHC,Incomplete
350 - 9:35 PM,Royal deltz,,,,MN BLUES,EHLRYD,Incomplete
351 - 10:10 PM,Minnesota Wild,,,,Blood Sweat & Beers,EHLMIN,Incomplete
352 - 10:10 PM,Steel City Legion,,,,Montrescotia Buffaloes,EHLSCL,Incomplete
353 - 10:10 PM,Kitty Slayers,,,,Greensboro Hurricanes,EHLKIT,Incomplete
354 - 10:10 PM,Hope Skate Park,,,,Canadian Frostbytes,EHLHSP,Incomplete
355 - 10:10 PM,Stratton Oakmont,,,,Cooper Gang HC,EHLSTO,Incomplete
356 - 10:10 PM,High Quality Plague,,,,Sabres On Ice,EHLWSS,Incomplete
357 - 10:10 PM,Tombstone,,,,Pioneers,EHLTBS,Incomplete
358 - 10:10 PM,Reverse HC,,,,Cape Cod Rangers,EHLRHC,Incomplete
359 - 10:10 PM,Royal deltz,,,,Puckin Around,EHLRYD,Incomplete
360 - 10:10 PM,MN BLUES,,,,Pouch munchers,EHLMNB,Incomplete
"Sunday May 17, 2026",,,,,,,
10:00 PM,SIGNING/TRADING DEADLINE,,,,,,
10:00 PM,SIGNING/TRADING DEADLINE,,,,,,
10:00 PM,SIGNING/TRADING DEADLINE,,,,,,
"Monday May 18, 2026",,,,,,,
361 - 9:00 PM,Steel City Legion,,,,Minnesota Wild,EHLSCL,Incomplete
362 - 9:00 PM,Kitty Slayers,,,,Blood Sweat & Beers,EHLKIT,Incomplete
363 - 9:00 PM,Hope Skate Park,,,,Montrescotia Buffaloes,EHLHSP,Incomplete
364 - 9:00 PM,Stratton Oakmont,,,,Greensboro Hurricanes,EHLSTO,Incomplete
365 - 9:00 PM,Canadian Frostbytes,,,,High Quality Plague,EHLEFB,Incomplete
366 - 9:00 PM,Cooper Gang HC,,,,Tombstone,EHLCGH,Incomplete
367 - 9:00 PM,Reverse HC,,,,Sabres On Ice,EHLRHC,Incomplete
368 - 9:00 PM,Royal deltz,,,,Pioneers,EHLRYD,Incomplete
369 - 9:00 PM,MN BLUES,,,,Cape Cod Rangers,EHLMNB,Incomplete
370 - 9:00 PM,Pouch munchers,,,,Puckin Around,EHLMUN,Incomplete
371 - 9:35 PM,Minnesota Wild,,,,Kitty Slayers,EHLMIN,Incomplete
372 - 9:35 PM,Hope Skate Park,,,,Steel City Legion,EHLHSP,Incomplete
373 - 9:35 PM,Stratton Oakmont,,,,Blood Sweat & Beers,EHLSTO,Incomplete
374 - 9:35 PM,High Quality Plague,,,,Montrescotia Buffaloes,EHLWSS,Incomplete
375 - 9:35 PM,Tombstone,,,,Greensboro Hurricanes,EHLTBS,Incomplete
376 - 9:35 PM,Reverse HC,,,,Canadian Frostbytes,EHLRHC,Incomplete
377 - 9:35 PM,Royal deltz,,,,Cooper Gang HC,EHLRYD,Incomplete
378 - 9:35 PM,MN BLUES,,,,Sabres On Ice,EHLMNB,Incomplete
379 - 9:35 PM,Pouch munchers,,,,Pioneers,EHLMUN,Incomplete
380 - 9:35 PM,Puckin Around,,,,Cape Cod Rangers,EHLPKA,Incomplete
381 - 10:10 PM,Minnesota Wild,,,,Hope Skate Park,EHLMIN,Incomplete
382 - 10:10 PM,Kitty Slayers,,,,Stratton Oakmont,EHLKIT,Incomplete
383 - 10:10 PM,Steel City Legion,,,,High Quality Plague,EHLSCL,Incomplete
384 - 10:10 PM,Blood Sweat & Beers,,,,Tombstone,EHLBSB,Incomplete
385 - 10:10 PM,Montrescotia Buffaloes,,,,Reverse HC,EHLMSB ,Incomplete
386 - 10:10 PM,Greensboro Hurricanes,,,,Royal deltz,EHLBIS,Incomplete
387 - 10:10 PM,Canadian Frostbytes,,,,MN BLUES,EHLEFB,Incomplete
388 - 10:10 PM,Cooper Gang HC,,,,Pouch munchers,EHLCGH,Incomplete
389 - 10:10 PM,Sabres On Ice,,,,Puckin Around,EHLSOI,Incomplete
390 - 10:10 PM,Pioneers,,,,Cape Cod Rangers,EHLPIO,Incomplete
"Thursday May 21, 2026",,,,,,,
391 - 9:00 PM,Stratton Oakmont,,,,Minnesota Wild,EHLSTO,Incomplete
392 - 9:00 PM,Hope Skate Park,,,,High Quality Plague,EHLHSP,Incomplete
393 - 9:00 PM,Tombstone,,,,Kitty Slayers,EHLTBS,Incomplete
394 - 9:00 PM,Reverse HC,,,,Steel City Legion,EHLRHC,Incomplete
395 - 9:00 PM,Royal deltz,,,,Blood Sweat & Beers,EHLRYD,Incomplete
396 - 9:00 PM,MN BLUES,,,,Montrescotia Buffaloes,EHLMNB,Incomplete
397 - 9:00 PM,Pouch munchers,,,,Greensboro Hurricanes,EHLMUN,Incomplete
398 - 9:00 PM,Puckin Around,,,,Canadian Frostbytes,EHLPKA,Incomplete
399 - 9:00 PM,Cape Cod Rangers,,,,Cooper Gang HC,EHLCCR ,Incomplete
400 - 9:00 PM,Sabres On Ice,,,,Pioneers,EHLSOI,Incomplete
401 - 9:35 PM,High Quality Plague,,,,Minnesota Wild,EHLWSS,Incomplete
402 - 9:35 PM,Stratton Oakmont,,,,Tombstone,EHLSTO,Incomplete
403 - 9:35 PM,Hope Skate Park,,,,Reverse HC,EHLHSP,Incomplete
404 - 9:35 PM,Kitty Slayers,,,,Royal deltz,EHLKIT,Incomplete
405 - 9:35 PM,Steel City Legion,,,,MN BLUES,EHLSCL,Incomplete
406 - 9:35 PM,Blood Sweat & Beers,,,,Pouch munchers,EHLBSB,Incomplete
407 - 9:35 PM,Montrescotia Buffaloes,,,,Puckin Around,EHLMSB ,Incomplete
408 - 9:35 PM,Greensboro Hurricanes,,,,Cape Cod Rangers,EHLBIS,Incomplete
409 - 9:35 PM,Canadian Frostbytes,,,,Pioneers,EHLEFB,Incomplete
410 - 9:35 PM,Cooper Gang HC,,,,Sabres On Ice,EHLCGH,Incomplete
411 - 10:10 PM,Minnesota Wild,,,,Tombstone,EHLMIN,Incomplete
412 - 10:10 PM,High Quality Plague,,,,Reverse HC,EHLWSS,Incomplete
413 - 10:10 PM,Royal deltz,,,,Stratton Oakmont,EHLRYD,Incomplete
414 - 10:10 PM,MN BLUES,,,,Hope Skate Park,EHLMNB,Incomplete
415 - 10:10 PM,Pouch munchers,,,,Kitty Slayers,EHLMUN,Incomplete
416 - 10:10 PM,Puckin Around,,,,Steel City Legion,EHLPKA,Incomplete
417 - 10:10 PM,Cape Cod Rangers,,,,Blood Sweat & Beers,EHLCCR ,Incomplete
418 - 10:10 PM,Pioneers,,,,Montrescotia Buffaloes,EHLPIO,Incomplete
419 - 10:10 PM,Greensboro Hurricanes,,,,Sabres On Ice,EHLBIS,Incomplete
420 - 10:10 PM,Canadian Frostbytes,,,,Cooper Gang HC,EHLEFB,Incomplete
